original_index,table_type,ideal,betti_dictionary,total_betti_vector,pd,reg
3,1,(x1),"{(0, 0): 1, (1, 1): 1}","(1, 1)",1,0
4,2,(x1*x2),"{(0, 0): 1, (1, 2): 1}","(1, 1)",1,1
5,3,(x1*x2*x3),"{(0, 0): 1, (1, 3): 1}","(1, 1)",1,2
6,4,(x1*x2*x3*x4),"{(0, 0): 1, (1, 4): 1}","(1, 1)",1,3
7,5,(x1*x2*x3*x4*x5),"{(0, 0): 1, (1, 5): 1}","(1, 1)",1,4
8,6,"(x1, x2)","{(0, 0): 1, (1, 1): 2, (2, 2): 1}","(1, 2, 1)",2,0
9,7,"(x1, x2*x3)","{(0, 0): 1, (1, 1): 1, (1, 2): 1, (2, 3): 1}","(1, 2, 1)",2,1
10,8,"(x1, x2*x3*x4)","{(0, 0): 1, (1, 1): 1, (1, 3): 1, (2, 4): 1}","(1, 2, 1)",2,2
11,9,"(x1, x2*x3*x4*x5)","{(0, 0): 1, (1, 1): 1, (1, 4): 1, (2, 5): 1}","(1, 2, 1)",2,3
12,10,"(x1*x2, x1*x3)","{(0, 0): 1, (1, 2): 2, (2, 3): 1}","(1, 2, 1)",2,1
13,11,"(x1*x2, x3*x4)","{(0, 0): 1, (1, 2): 2, (2, 4): 1}","(1, 2, 1)",2,2
14,12,"(x1*x2, x1*x3*x4)","{(0, 0): 1, (1, 2): 1, (1, 3): 1, (2, 4): 1}","(1, 2, 1)",2,2
15,13,"(x1*x2, x3*x4*x5)","{(0, 0): 1, (1, 2): 1, (1, 3): 1, (2, 5): 1}","(1, 2, 1)",2,3
16,14,"(x1*x2, x1*x3*x4*x5)","{(0, 0): 1, (1, 2): 1, (1, 4): 1, (2, 5): 1}","(1, 2, 1)",2,3
17,15,"(x1*x2*x3, x1*x2*x4)","{(0, 0): 1, (1, 3): 2, (2, 4): 1}","(1, 2, 1)",2,2
18,16,"(x1*x2*x3, x1*x4*x5)","{(0, 0): 1, (1, 3): 2, (2, 5): 1}","(1, 2, 1)",2,3
19,17,"(x1*x2*x3, x1*x2*x4*x5)","{(0, 0): 1, (1, 3): 1, (1, 4): 1, (2, 5): 1}","(1, 2, 1)",2,3
20,18,"(x1*x2*x3*x4, x1*x2*x3*x5)","{(0, 0): 1, (1, 4): 2, (2, 5): 1}","(1, 2, 1)",2,3
21,19,"(x1, x2, x3)","{(0, 0): 1, (1, 1): 3, (2, 2): 3, (3, 3): 1}","(1, 3, 3, 1)",3,0
22,20,"(x1, x2, x3*x4)","{(0, 0): 1, (1, 1): 2, (1, 2): 1, (2, 2): 1, (2, 3): 2, (3, 4): 1}","(1, 3, 3, 1)",3,1
23,21,"(x1, x2, x3*x4*x5)","{(0, 0): 1, (1, 1): 2, (1, 3): 1, (2, 2): 1, (2, 4): 2, (3, 5): 1}","(1, 3, 3, 1)",3,2
24,22,"(x1, x2*x3, x2*x4)","{(0, 0): 1, (1, 1): 1, (1, 2): 2, (2, 3): 3, (3, 4): 1}","(1, 3, 3, 1)",3,1
25,23,"(x1, x2*x3, x4*x5)","{(0, 0): 1, (1, 1): 1, (1, 2): 2, (2, 3): 2, (2, 4): 1, (3, 5): 1}","(1, 3, 3, 1)",3,2
26,24,"(x1, x2*x3, x2*x4*x5)","{(0, 0): 1, (1, 1): 1, (1, 2): 1, (1, 3): 1, (2, 3): 1, (2, 4): 2, (3, 5): 1}","(1, 3, 3, 1)",3,2
27,25,"(x1, x2*x3*x4, x2*x3*x5)","{(0, 0): 1, (1, 1): 1, (1, 3): 2, (2, 4): 3, (3, 5): 1}","(1, 3, 3, 1)",3,2
28,26,"(x1*x2, x1*x3, x2*x3)","{(0, 0): 1, (1, 2): 3, (2, 3): 2}","(1, 3, 2)",2,1
29,27,"(x1*x2, x1*x3, x1*x4)","{(0, 0): 1, (1, 2): 3, (2, 3): 3, (3, 4): 1}","(1, 3, 3, 1)",3,1
30,26,"(x1*x2, x1*x3, x2*x4)","{(0, 0): 1, (1, 2): 3, (2, 3): 2}","(1, 3, 2)",2,1
31,28,"(x1*x2, x1*x3, x2*x3*x4)","{(0, 0): 1, (1, 2): 2, (1, 3): 1, (2, 3): 1, (2, 4): 1}","(1, 3, 2)",2,2
32,29,"(x1*x2, x1*x3, x4*x5)","{(0, 0): 1, (1, 2): 3, (2, 3): 1, (2, 4): 2, (3, 5): 1}","(1, 3, 3, 1)",3,2
33,30,"(x1*x2, x1*x3, x1*x4*x5)","{(0, 0): 1, (1, 2): 2, (1, 3): 1, (2, 3): 1, (2, 4): 2, (3, 5): 1}","(1, 3, 3, 1)",3,2
34,28,"(x1*x2, x1*x3, x2*x4*x5)","{(0, 0): 1, (1, 2): 2, (1, 3): 1, (2, 3): 1, (2, 4): 1}","(1, 3, 2)",2,2
35,31,"(x1*x2, x1*x3, x2*x3*x4*x5)","{(0, 0): 1, (1, 2): 2, (1, 4): 1, (2, 3): 1, (2, 5): 1}","(1, 3, 2)",2,3
36,32,"(x1*x2, x3*x4, x1*x3*x5)","{(0, 0): 1, (1, 2): 2, (1, 3): 1, (2, 4): 3, (3, 5): 1}","(1, 3, 3, 1)",3,2
37,33,"(x1*x2, x1*x3*x4, x2*x3*x4)","{(0, 0): 1, (1, 2): 1, (1, 3): 2, (2, 4): 2}","(1, 3, 2)",2,2
38,34,"(x1*x2, x1*x3*x4, x1*x3*x5)","{(0, 0): 1, (1, 2): 1, (1, 3): 2, (2, 4): 3, (3, 5): 1}","(1, 3, 3, 1)",3,2
39,33,"(x1*x2, x1*x3*x4, x2*x3*x5)","{(0, 0): 1, (1, 2): 1, (1, 3): 2, (2, 4): 2}","(1, 3, 2)",2,2
40,33,"(x1*x2, x1*x3*x4, x3*x4*x5)","{(0, 0): 1, (1, 2): 1, (1, 3): 2, (2, 4): 2}","(1, 3, 2)",2,2
41,35,"(x1*x2, x1*x3*x4, x2*x3*x4*x5)","{(0, 0): 1, (1, 2): 1, (1, 3): 1, (1, 4): 1, (2, 4): 1, (2, 5): 1}","(1, 3, 2)",2,3
42,36,"(x1*x2, x1*x3*x4*x5, x2*x3*x4*x5)","{(0, 0): 1, (1, 2): 1, (1, 4): 2, (2, 5): 2}","(1, 3, 2)",2,3
43,37,"(x1*x2*x3, x1*x2*x4, x1*x3*x4)","{(0, 0): 1, (1, 3): 3, (2, 4): 2}","(1, 3, 2)",2,2
44,38,"(x1*x2*x3, x1*x2*x4, x1*x2*x5)","{(0, 0): 1, (1, 3): 3, (2, 4): 3, (3, 5): 1}","(1, 3, 3, 1)",3,2
45,37,"(x1*x2*x3, x1*x2*x4, x1*x3*x5)","{(0, 0): 1, (1, 3): 3, (2, 4): 2}","(1, 3, 2)",2,2
46,39,"(x1*x2*x3, x1*x2*x4, x3*x4*x5)","{(0, 0): 1, (1, 3): 3, (2, 4): 1, (2, 5): 1}","(1, 3, 2)",2,3
47,40,"(x1*x2*x3, x1*x2*x4, x1*x3*x4*x5)","{(0, 0): 1, (1, 3): 2, (1, 4): 1, (2, 4): 1, (2, 5): 1}","(1, 3, 2)",2,3
48,41,"(x1*x2*x3, x1*x4*x5, x2*x3*x4*x5)","{(0, 0): 1, (1, 3): 2, (1, 4): 1, (2, 5): 2}","(1, 3, 2)",2,3
49,42,"(x1*x2*x3, x1*x2*x4*x5, x1*x3*x4*x5)","{(0, 0): 1, (1, 3): 1, (1, 4): 2, (2, 5): 2}","(1, 3, 2)",2,3
50,43,"(x1*x2*x3*x4, x1*x2*x3*x5, x1*x2*x4*x5)","{(0, 0): 1, (1, 4): 3, (2, 5): 2}","(1, 3, 2)",2,3
51,44,"(x1, x2, x3, x4)","{(0, 0): 1, (1, 1): 4, (2, 2): 6, (3, 3): 4, (4, 4): 1}","(1, 4, 6, 4, 1)",4,0
52,45,"(x1, x2, x3, x4*x5)","{(0, 0): 1, (1, 1): 3, (1, 2): 1, (2, 2): 3, (2, 3): 3, (3, 3): 1, (3, 4): 3, (4, 5): 1}","(1, 4, 6, 4, 1)",4,1
53,46,"(x1, x2, x3*x4, x3*x5)","{(0, 0): 1, (1, 1): 2, (1, 2): 2, (2, 2): 1, (2, 3): 5, (3, 4): 4, (4, 5): 1}","(1, 4, 6, 4, 1)",4,1
54,47,"(x1, x2*x3, x2*x4, x3*x4)","{(0, 0): 1, (1, 1): 1, (1, 2): 3, (2, 3): 5, (3, 4): 2}","(1, 4, 5, 2)",3,1
55,48,"(x1, x2*x3, x2*x4, x2*x5)","{(0, 0): 1, (1, 1): 1, (1, 2): 3, (2, 3): 6, (3, 4): 4, (4, 5): 1}","(1, 4, 6, 4, 1)",4,1
56,47,"(x1, x2*x3, x2*x4, x3*x5)","{(0, 0): 1, (1, 1): 1, (1, 2): 3, (2, 3): 5, (3, 4): 2}","(1, 4, 5, 2)",3,1
57,49,"(x1, x2*x3, x2*x4, x3*x4*x5)","{(0, 0): 1, (1, 1): 1, (1, 2): 2, (1, 3): 1, (2, 3): 3, (2, 4): 2, (3, 4): 1, (3, 5): 1}","(1, 4, 5, 2)",3,2
58,50,"(x1, x2*x3, x2*x4*x5, x3*x4*x5)","{(0, 0): 1, (1, 1): 1, (1, 2): 1, (1, 3): 2, (2, 3): 1, (2, 4): 4, (3, 5): 2}","(1, 4, 5, 2)",3,2
59,51,"(x1, x2*x3*x4, x2*x3*x5, x2*x4*x5)","{(0, 0): 1, (1, 1): 1, (1, 3): 3, (2, 4): 5, (3, 5): 2}","(1, 4, 5, 2)",3,2
60,52,"(x1*x2, x1*x3, x2*x3, x1*x4)","{(0, 0): 1, (1, 2): 4, (2, 3): 4, (3, 4): 1}","(1, 4, 4, 1)",3,1
61,53,"(x1*x2, x1*x3, x2*x3, x4*x5)","{(0, 0): 1, (1, 2): 4, (2, 3): 2, (2, 4): 3, (3, 5): 2}","(1, 4, 5, 2)",3,2
62,54,"(x1*x2, x1*x3, x2*x3, x1*x4*x5)","{(0, 0): 1, (1, 2): 3, (1, 3): 1, (2, 3): 2, (2, 4): 2, (3, 5): 1}","(1, 4, 4, 1)",3,2
63,55,"(x1*x2, x1*x3, x1*x4, x2*x3*x4)","{(0, 0): 1, (1, 2): 3, (1, 3): 1, (2, 3): 3, (2, 4): 1, (3, 4): 1}","(1, 4, 4, 1)",3,2
64,56,"(x1*x2, x1*x3, x1*x4, x1*x5)","{(0, 0): 1, (1, 2): 4, (2, 3): 6, (3, 4): 4, (4, 5): 1}","(1, 4, 6, 4, 1)",4,1
65,52,"(x1*x2, x1*x3, x1*x4, x2*x5)","{(0, 0): 1, (1, 2): 4, (2, 3): 4, (3, 4): 1}","(1, 4, 4, 1)",3,1
66,55,"(x1*x2, x1*x3, x1*x4, x2*x3*x5)","{(0, 0): 1, (1, 2): 3, (1, 3): 1, (2, 3): 3, (2, 4): 1, (3, 4): 1}","(1, 4, 4, 1)",3,2
67,57,"(x1*x2, x1*x3, x1*x4, x2*x3*x4*x5)","{(0, 0): 1, (1, 2): 3, (1, 4): 1, (2, 3): 3, (2, 5): 1, (3, 4): 1}","(1, 4, 4, 1)",3,3
68,52,"(x1*x2, x1*x3, x2*x4, x3*x4)","{(0, 0): 1, (1, 2): 4, (2, 3): 4, (3, 4): 1}","(1, 4, 4, 1)",3,1
69,58,"(x1*x2, x1*x3, x2*x4, x3*x5)","{(0, 0): 1, (1, 2): 4, (2, 3): 3, (2, 4): 1, (3, 5): 1}","(1, 4, 4, 1)",3,2
70,54,"(x1*x2, x1*x3, x2*x4, x2*x3*x5)","{(0, 0): 1, (1, 2): 3, (1, 3): 1, (2, 3): 2, (2, 4): 2, (3, 5): 1}","(1, 4, 4, 1)",3,2
71,54,"(x1*x2, x1*x3, x2*x4, x3*x4*x5)","{(0, 0): 1, (1, 2): 3, (1, 3): 1, (2, 3): 2, (2, 4): 2, (3, 5): 1}","(1, 4, 4, 1)",3,2
72,59,"(x1*x2, x1*x3, x2*x3*x4, x2*x3*x5)","{(0, 0): 1, (1, 2): 2, (1, 3): 2, (2, 3): 1, (2, 4): 3, (3, 5): 1}","(1, 4, 4, 1)",3,2
73,60,"(x1*x2, x1*x3, x2*x3*x4, x4*x5)","{(0, 0): 1, (1, 2): 3, (1, 3): 1, (2, 3): 1, (2, 4): 4, (3, 5): 2}","(1, 4, 5, 2)",3,2
74,59,"(x1*x2, x1*x3, x2*x3*x4, x1*x4*x5)","{(0, 0): 1, (1, 2): 2, (1, 3): 2, (2, 3): 1, (2, 4): 3, (3, 5): 1}","(1, 4, 4, 1)",3,2
75,59,"(x1*x2, x1*x3, x2*x3*x4, x2*x4*x5)","{(0, 0): 1, (1, 2): 2, (1, 3): 2, (2, 3): 1, (2, 4): 3, (3, 5): 1}","(1, 4, 4, 1)",3,2
76,59,"(x1*x2, x1*x3, x1*x4*x5, x2*x4*x5)","{(0, 0): 1, (1, 2): 2, (1, 3): 2, (2, 3): 1, (2, 4): 3, (3, 5): 1}","(1, 4, 4, 1)",3,2
77,61,"(x1*x2, x1*x3, x1*x4*x5, x2*x3*x4*x5)","{(0, 0): 1, (1, 2): 2, (1, 3): 1, (1, 4): 1, (2, 3): 1, (2, 4): 2, (2, 5): 1, (3, 5): 1}","(1, 4, 4, 1)",3,3
78,59,"(x1*x2, x1*x3, x2*x4*x5, x3*x4*x5)","{(0, 0): 1, (1, 2): 2, (1, 3): 2, (2, 3): 1, (2, 4): 3, (3, 5): 1}","(1, 4, 4, 1)",3,2
79,62,"(x1*x2, x3*x4, x1*x3*x5, x2*x3*x5)","{(0, 0): 1, (1, 2): 2, (1, 3): 2, (2, 4): 5, (3, 5): 2}","(1, 4, 5, 2)",3,2
80,62,"(x1*x2, x3*x4, x1*x3*x5, x2*x4*x5)","{(0, 0): 1, (1, 2): 2, (1, 3): 2, (2, 4): 5, (3, 5): 2}","(1, 4, 5, 2)",3,2
81,63,"(x1*x2, x1*x3*x4, x2*x3*x4, x1*x3*x5)","{(0, 0): 1, (1, 2): 1, (1, 3): 3, (2, 4): 4, (3, 5): 1}","(1, 4, 4, 1)",3,2
82,63,"(x1*x2, x1*x3*x4, x2*x3*x4, x3*x4*x5)","{(0, 0): 1, (1, 2): 1, (1, 3): 3, (2, 4): 4, (3, 5): 1}","(1, 4, 4, 1)",3,2
83,64,"(x1*x2, x1*x3*x4, x1*x3*x5, x1*x4*x5)","{(0, 0): 1, (1, 2): 1, (1, 3): 3, (2, 4): 5, (3, 5): 2}","(1, 4, 5, 2)",3,2
84,63,"(x1*x2, x1*x3*x4, x1*x3*x5, x2*x4*x5)","{(0, 0): 1, (1, 2): 1, (1, 3): 3, (2, 4): 4, (3, 5): 1}","(1, 4, 4, 1)",3,2
85,63,"(x1*x2, x1*x3*x4, x1*x3*x5, x3*x4*x5)","{(0, 0): 1, (1, 2): 1, (1, 3): 3, (2, 4): 4, (3, 5): 1}","(1, 4, 4, 1)",3,2
86,65,"(x1*x2, x1*x3*x4, x1*x3*x5, x2*x3*x4*x5)","{(0, 0): 1, (1, 2): 1, (1, 3): 2, (1, 4): 1, (2, 4): 3, (2, 5): 1, (3, 5): 1}","(1, 4, 4, 1)",3,3
87,63,"(x1*x2, x1*x3*x4, x2*x3*x5, x3*x4*x5)","{(0, 0): 1, (1, 2): 1, (1, 3): 3, (2, 4): 4, (3, 5): 1}","(1, 4, 4, 1)",3,2
88,66,"(x1*x2*x3, x1*x2*x4, x1*x3*x4, x2*x3*x4)","{(0, 0): 1, (1, 3): 4, (2, 4): 3}","(1, 4, 3)",2,2
89,67,"(x1*x2*x3, x1*x2*x4, x1*x3*x4, x1*x2*x5)","{(0, 0): 1, (1, 3): 4, (2, 4): 4, (3, 5): 1}","(1, 4, 4, 1)",3,2
90,66,"(x1*x2*x3, x1*x2*x4, x1*x3*x4, x2*x3*x5)","{(0, 0): 1, (1, 3): 4, (2, 4): 3}","(1, 4, 3)",2,2
91,68,"(x1*x2*x3, x1*x2*x4, x1*x3*x4, x2*x3*x4*x5)","{(0, 0): 1, (1, 3): 3, (1, 4): 1, (2, 4): 2, (2, 5): 1}","(1, 4, 3)",2,3
92,69,"(x1*x2*x3, x1*x2*x4, x1*x2*x5, x3*x4*x5)","{(0, 0): 1, (1, 3): 4, (2, 4): 3, (2, 5): 1, (3, 5): 1}","(1, 4, 4, 1)",3,3
93,70,"(x1*x2*x3, x1*x2*x4, x1*x2*x5, x1*x3*x4*x5)","{(0, 0): 1, (1, 3): 3, (1, 4): 1, (2, 4): 3, (2, 5): 1, (3, 5): 1}","(1, 4, 4, 1)",3,3
94,67,"(x1*x2*x3, x1*x2*x4, x1*x3*x5, x1*x4*x5)","{(0, 0): 1, (1, 3): 4, (2, 4): 4, (3, 5): 1}","(1, 4, 4, 1)",3,2
95,66,"(x1*x2*x3, x1*x2*x4, x1*x3*x5, x2*x4*x5)","{(0, 0): 1, (1, 3): 4, (2, 4): 3}","(1, 4, 3)",2,2
96,68,"(x1*x2*x3, x1*x2*x4, x1*x3*x5, x2*x3*x4*x5)","{(0, 0): 1, (1, 3): 3, (1, 4): 1, (2, 4): 2, (2, 5): 1}","(1, 4, 3)",2,3
97,71,"(x1*x2*x3, x1*x2*x4, x1*x3*x4*x5, x2*x3*x4*x5)","{(0, 0): 1, (1, 3): 2, (1, 4): 2, (2, 4): 1, (2, 5): 2}","(1, 4, 3)",2,3
98,72,"(x1*x2*x3, x1*x2*x4*x5, x1*x3*x4*x5, x2*x3*x4*x5)","{(0, 0): 1, (1, 3): 1, (1, 4): 3, (2, 5): 3}","(1, 4, 3)",2,3
99,73,"(x1*x2*x3*x4, x1*x2*x3*x5, x1*x2*x4*x5, x1*x3*x4*x5)","{(0, 0): 1, (1, 4): 4, (2, 5): 3}","(1, 4, 3)",2,3
100,74,"(x1, x2, x3, x4, x5)","{(0, 0): 1, (1, 1): 5, (2, 2): 10, (3, 3): 10, (4, 4): 5, (5, 5): 1}","(1, 5, 10, 10, 5, 1)",5,0
101,75,"(x1, x2, x3*x4, x3*x5, x4*x5)","{(0, 0): 1, (1, 1): 2, (1, 2): 3, (2, 2): 1, (2, 3): 8, (3, 4): 7, (4, 5): 2}","(1, 5, 9, 7, 2)",4,1
102,76,"(x1, x2*x3, x2*x4, x3*x4, x2*x5)","{(0, 0): 1, (1, 1): 1, (1, 2): 4, (2, 3): 8, (3, 4): 5, (4, 5): 1}","(1, 5, 8, 5, 1)",4,1
103,77,"(x1, x2*x3, x2*x4, x2*x5, x3*x4*x5)","{(0, 0): 1, (1, 1): 1, (1, 2): 3, (1, 3): 1, (2, 3): 6, (2, 4): 2, (3, 4): 4, (3, 5): 1, (4, 5): 1}","(1, 5, 8, 5, 1)",4,2
104,76,"(x1, x2*x3, x2*x4, x3*x5, x4*x5)","{(0, 0): 1, (1, 1): 1, (1, 2): 4, (2, 3): 8, (3, 4): 5, (4, 5): 1}","(1, 5, 8, 5, 1)",4,1
105,78,"(x1, x2*x3*x4, x2*x3*x5, x2*x4*x5, x3*x4*x5)","{(0, 0): 1, (1, 1): 1, (1, 3): 4, (2, 4): 7, (3, 5): 3}","(1, 5, 7, 3)",3,2
106,79,"(x1*x2, x1*x3, x2*x3, x1*x4, x2*x4)","{(0, 0): 1, (1, 2): 5, (2, 3): 6, (3, 4): 2}","(1, 5, 6, 2)",3,1
107,80,"(x1*x2, x1*x3, x2*x3, x1*x4, x1*x5)","{(0, 0): 1, (1, 2): 5, (2, 3): 7, (3, 4): 4, (4, 5): 1}","(1, 5, 7, 4, 1)",4,1
108,79,"(x1*x2, x1*x3, x2*x3, x1*x4, x2*x5)","{(0, 0): 1, (1, 2): 5, (2, 3): 6, (3, 4): 2}","(1, 5, 6, 2)",3,1
109,81,"(x1*x2, x1*x3, x2*x3, x1*x4, x4*x5)","{(0, 0): 1, (1, 2): 5, (2, 3): 5, (2, 4): 1, (3, 4): 1, (3, 5): 1}","(1, 5, 6, 2)",3,2
110,82,"(x1*x2, x1*x3, x2*x3, x1*x4, x2*x4*x5)","{(0, 0): 1, (1, 2): 4, (1, 3): 1, (2, 3): 4, (2, 4): 2, (3, 4): 1, (3, 5): 1}","(1, 5, 6, 2)",3,2
111,83,"(x1*x2, x1*x3, x2*x3, x1*x4*x5, x2*x4*x5)","{(0, 0): 1, (1, 2): 3, (1, 3): 2, (2, 3): 2, (2, 4): 4, (3, 5): 2}","(1, 5, 6, 2)",3,2
112,84,"(x1*x2, x1*x3, x1*x4, x2*x3*x4, x1*x5)","{(0, 0): 1, (1, 2): 4, (1, 3): 1, (2, 3): 6, (2, 4): 1, (3, 4): 4, (4, 5): 1}","(1, 5, 7, 4, 1)",4,2
113,82,"(x1*x2, x1*x3, x1*x4, x2*x3*x4, x2*x5)","{(0, 0): 1, (1, 2): 4, (1, 3): 1, (2, 3): 4, (2, 4): 2, (3, 4): 1, (3, 5): 1}","(1, 5, 6, 2)",3,2
114,85,"(x1*x2, x1*x3, x1*x4, x2*x3*x4, x2*x3*x5)","{(0, 0): 1, (1, 2): 3, (1, 3): 2, (2, 3): 3, (2, 4): 3, (3, 4): 1, (3, 5): 1}","(1, 5, 6, 2)",3,2
115,86,"(x1*x2, x1*x3, x1*x4, x1*x5, x2*x3*x4*x5)","{(0, 0): 1, (1, 2): 4, (1, 4): 1, (2, 3): 6, (2, 5): 1, (3, 4): 4, (4, 5): 1}","(1, 5, 7, 4, 1)",4,3
116,79,"(x1*x2, x1*x3, x1*x4, x2*x5, x3*x5)","{(0, 0): 1, (1, 2): 5, (2, 3): 6, (3, 4): 2}","(1, 5, 6, 2)",3,1
117,82,"(x1*x2, x1*x3, x1*x4, x2*x5, x3*x4*x5)","{(0, 0): 1, (1, 2): 4, (1, 3): 1, (2, 3): 4, (2, 4): 2, (3, 4): 1, (3, 5): 1}","(1, 5, 6, 2)",3,2
118,85,"(x1*x2, x1*x3, x1*x4, x2*x3*x5, x2*x4*x5)","{(0, 0): 1, (1, 2): 3, (1, 3): 2, (2, 3): 3, (2, 4): 3, (3, 4): 1, (3, 5): 1}","(1, 5, 6, 2)",3,2
119,82,"(x1*x2, x1*x3, x2*x4, x3*x4, x2*x3*x5)","{(0, 0): 1, (1, 2): 4, (1, 3): 1, (2, 3): 4, (2, 4): 2, (3, 4): 1, (3, 5): 1}","(1, 5, 6, 2)",3,2
120,87,"(x1*x2, x1*x3, x2*x4, x3*x5, x4*x5)","{(0, 0): 1, (1, 2): 5, (2, 3): 5, (3, 5): 1}","(1, 5, 5, 1)",3,2
121,88,"(x1*x2, x1*x3, x2*x4, x3*x5, x1*x4*x5)","{(0, 0): 1, (1, 2): 4, (1, 3): 1, (2, 3): 3, (2, 4): 3, (3, 5): 2}","(1, 5, 6, 2)",3,2
122,83,"(x1*x2, x1*x3, x2*x4, x2*x3*x5, x1*x4*x5)","{(0, 0): 1, (1, 2): 3, (1, 3): 2, (2, 3): 2, (2, 4): 4, (3, 5): 2}","(1, 5, 6, 2)",3,2
123,83,"(x1*x2, x1*x3, x2*x4, x2*x3*x5, x3*x4*x5)","{(0, 0): 1, (1, 2): 3, (1, 3): 2, (2, 3): 2, (2, 4): 4, (3, 5): 2}","(1, 5, 6, 2)",3,2
124,89,"(x1*x2, x1*x3, x2*x3*x4, x2*x3*x5, x4*x5)","{(0, 0): 1, (1, 2): 3, (1, 3): 2, (2, 3): 1, (2, 4): 6, (3, 5): 3}","(1, 5, 7, 3)",3,2
125,90,"(x1*x2, x1*x3, x2*x3*x4, x2*x3*x5, x1*x4*x5)","{(0, 0): 1, (1, 2): 2, (1, 3): 3, (2, 3): 1, (2, 4): 5, (3, 5): 2}","(1, 5, 6, 2)",3,2
126,90,"(x1*x2, x1*x3, x2*x3*x4, x2*x3*x5, x2*x4*x5)","{(0, 0): 1, (1, 2): 2, (1, 3): 3, (2, 3): 1, (2, 4): 5, (3, 5): 2}","(1, 5, 6, 2)",3,2
127,90,"(x1*x2, x1*x3, x2*x3*x4, x1*x4*x5, x2*x4*x5)","{(0, 0): 1, (1, 2): 2, (1, 3): 3, (2, 3): 1, (2, 4): 5, (3, 5): 2}","(1, 5, 6, 2)",3,2
128,90,"(x1*x2, x1*x3, x2*x3*x4, x2*x4*x5, x3*x4*x5)","{(0, 0): 1, (1, 2): 2, (1, 3): 3, (2, 3): 1, (2, 4): 5, (3, 5): 2}","(1, 5, 6, 2)",3,2
129,90,"(x1*x2, x1*x3, x1*x4*x5, x2*x4*x5, x3*x4*x5)","{(0, 0): 1, (1, 2): 2, (1, 3): 3, (2, 3): 1, (2, 4): 5, (3, 5): 2}","(1, 5, 6, 2)",3,2
130,91,"(x1*x2, x3*x4, x1*x3*x5, x2*x3*x5, x1*x4*x5)","{(0, 0): 1, (1, 2): 2, (1, 3): 3, (2, 4): 7, (3, 5): 3}","(1, 5, 7, 3)",3,2
131,92,"(x1*x2, x1*x3*x4, x2*x3*x4, x1*x3*x5, x2*x3*x5)","{(0, 0): 1, (1, 2): 1, (1, 3): 4, (2, 4): 6, (3, 5): 2}","(1, 5, 6, 2)",3,2
132,92,"(x1*x2, x1*x3*x4, x2*x3*x4, x1*x3*x5, x1*x4*x5)","{(0, 0): 1, (1, 2): 1, (1, 3): 4, (2, 4): 6, (3, 5): 2}","(1, 5, 6, 2)",3,2
133,92,"(x1*x2, x1*x3*x4, x2*x3*x4, x1*x3*x5, x2*x4*x5)","{(0, 0): 1, (1, 2): 1, (1, 3): 4, (2, 4): 6, (3, 5): 2}","(1, 5, 6, 2)",3,2
134,92,"(x1*x2, x1*x3*x4, x2*x3*x4, x1*x3*x5, x3*x4*x5)","{(0, 0): 1, (1, 2): 1, (1, 3): 4, (2, 4): 6, (3, 5): 2}","(1, 5, 6, 2)",3,2
135,92,"(x1*x2, x1*x3*x4, x1*x3*x5, x1*x4*x5, x3*x4*x5)","{(0, 0): 1, (1, 2): 1, (1, 3): 4, (2, 4): 6, (3, 5): 2}","(1, 5, 6, 2)",3,2
136,93,"(x1*x2, x1*x3*x4, x1*x3*x5, x1*x4*x5, x2*x3*x4*x5)","{(0, 0): 1, (1, 2): 1, (1, 3): 3, (1, 4): 1, (2, 4): 5, (2, 5): 1, (3, 5): 2}","(1, 5, 6, 2)",3,3
137,92,"(x1*x2, x1*x3*x4, x1*x3*x5, x2*x4*x5, x3*x4*x5)","{(0, 0): 1, (1, 2): 1, (1, 3): 4, (2, 4): 6, (3, 5): 2}","(1, 5, 6, 2)",3,2
138,94,"(x1*x2*x3, x1*x2*x4, x1*x3*x4, x2*x3*x4, x1*x2*x5)","{(0, 0): 1, (1, 3): 5, (2, 4): 5, (3, 5): 1}","(1, 5, 5, 1)",3,2
139,95,"(x1*x2*x3, x1*x2*x4, x1*x3*x4, x1*x2*x5, x1*x3*x5)","{(0, 0): 1, (1, 3): 5, (2, 4): 6, (3, 5): 2}","(1, 5, 6, 2)",3,2
140,94,"(x1*x2*x3, x1*x2*x4, x1*x3*x4, x1*x2*x5, x2*x3*x5)","{(0, 0): 1, (1, 3): 5, (2, 4): 5, (3, 5): 1}","(1, 5, 5, 1)",3,2
141,94,"(x1*x2*x3, x1*x2*x4, x1*x3*x4, x1*x2*x5, x3*x4*x5)","{(0, 0): 1, (1, 3): 5, (2, 4): 5, (3, 5): 1}","(1, 5, 5, 1)",3,2
142,96,"(x1*x2*x3, x1*x2*x4, x1*x3*x4, x1*x2*x5, x2*x3*x4*x5)","{(0, 0): 1, (1, 3): 4, (1, 4): 1, (2, 4): 4, (2, 5): 1, (3, 5): 1}","(1, 5, 5, 1)",3,3
143,94,"(x1*x2*x3, x1*x2*x4, x1*x3*x4, x2*x3*x5, x2*x4*x5)","{(0, 0): 1, (1, 3): 5, (2, 4): 5, (3, 5): 1}","(1, 5, 5, 1)",3,2
144,97,"(x1*x2*x3, x1*x2*x4, x1*x2*x5, x1*x3*x4*x5, x2*x3*x4*x5)","{(0, 0): 1, (1, 3): 3, (1, 4): 2, (2, 4): 3, (2, 5): 2, (3, 5): 1}","(1, 5, 5, 1)",3,3
145,96,"(x1*x2*x3, x1*x2*x4, x1*x3*x5, x1*x4*x5, x2*x3*x4*x5)","{(0, 0): 1, (1, 3): 4, (1, 4): 1, (2, 4): 4, (2, 5): 1, (3, 5): 1}","(1, 5, 5, 1)",3,3
146,94,"(x1*x2*x3, x1*x2*x4, x1*x3*x5, x2*x4*x5, x3*x4*x5)","{(0, 0): 1, (1, 3): 5, (2, 4): 5, (3, 5): 1}","(1, 5, 5, 1)",3,2
147,98,"(x1*x2*x3*x4, x1*x2*x3*x5, x1*x2*x4*x5, x1*x3*x4*x5, x2*x3*x4*x5)","{(0, 0): 1, (1, 4): 5, (2, 5): 4}","(1, 5, 4)",2,3
148,99,"(x1, x2*x3, x2*x4, x3*x4, x2*x5, x3*x5)","{(0, 0): 1, (1, 1): 1, (1, 2): 5, (2, 3): 11, (3, 4): 8, (4, 5): 2}","(1, 6, 11, 8, 2)",4,1
149,100,"(x1*x2, x1*x3, x2*x3, x1*x4, x2*x4, x3*x4)","{(0, 0): 1, (1, 2): 6, (2, 3): 8, (3, 4): 3}","(1, 6, 8, 3)",3,1
150,101,"(x1*x2, x1*x3, x2*x3, x1*x4, x2*x4, x1*x5)","{(0, 0): 1, (1, 2): 6, (2, 3): 9, (3, 4): 5, (4, 5): 1}","(1, 6, 9, 5, 1)",4,1
151,100,"(x1*x2, x1*x3, x2*x3, x1*x4, x2*x4, x3*x5)","{(0, 0): 1, (1, 2): 6, (2, 3): 8, (3, 4): 3}","(1, 6, 8, 3)",3,1
152,102,"(x1*x2, x1*x3, x2*x3, x1*x4, x2*x4, x3*x4*x5)","{(0, 0): 1, (1, 2): 5, (1, 3): 1, (2, 3): 6, (2, 4): 2, (3, 4): 2, (3, 5): 1}","(1, 6, 8, 3)",3,2
153,103,"(x1*x2, x1*x3, x2*x3, x1*x4, x1*x5, x4*x5)","{(0, 0): 1, (1, 2): 6, (2, 3): 8, (2, 4): 1, (3, 4): 4, (3, 5): 1, (4, 5): 1}","(1, 6, 9, 5, 1)",4,2
154,104,"(x1*x2, x1*x3, x2*x3, x1*x4, x1*x5, x2*x4*x5)","{(0, 0): 1, (1, 2): 5, (1, 3): 1, (2, 3): 7, (2, 4): 2, (3, 4): 4, (3, 5): 1, (4, 5): 1}","(1, 6, 9, 5, 1)",4,2
155,100,"(x1*x2, x1*x3, x2*x3, x1*x4, x2*x5, x4*x5)","{(0, 0): 1, (1, 2): 6, (2, 3): 8, (3, 4): 3}","(1, 6, 8, 3)",3,1
156,102,"(x1*x2, x1*x3, x2*x3, x1*x4, x2*x5, x3*x4*x5)","{(0, 0): 1, (1, 2): 5, (1, 3): 1, (2, 3): 6, (2, 4): 2, (3, 4): 2, (3, 5): 1}","(1, 6, 8, 3)",3,2
157,105,"(x1*x2, x1*x3, x2*x3, x1*x4, x2*x4*x5, x3*x4*x5)","{(0, 0): 1, (1, 2): 4, (1, 3): 2, (2, 3): 4, (2, 4): 4, (3, 4): 1, (3, 5): 2}","(1, 6, 8, 3)",3,2
158,106,"(x1*x2, x1*x3, x2*x3, x1*x4*x5, x2*x4*x5, x3*x4*x5)","{(0, 0): 1, (1, 2): 3, (1, 3): 3, (2, 3): 2, (2, 4): 6, (3, 5): 3}","(1, 6, 8, 3)",3,2
159,107,"(x1*x2, x1*x3, x1*x4, x2*x3*x4, x1*x5, x2*x3*x5)","{(0, 0): 1, (1, 2): 4, (1, 3): 2, (2, 3): 6, (2, 4): 3, (3, 4): 4, (3, 5): 1, (4, 5): 1}","(1, 6, 9, 5, 1)",4,2
160,102,"(x1*x2, x1*x3, x1*x4, x2*x3*x4, x2*x5, x3*x5)","{(0, 0): 1, (1, 2): 5, (1, 3): 1, (2, 3): 6, (2, 4): 2, (3, 4): 2, (3, 5): 1}","(1, 6, 8, 3)",3,2
161,105,"(x1*x2, x1*x3, x1*x4, x2*x3*x4, x2*x5, x3*x4*x5)","{(0, 0): 1, (1, 2): 4, (1, 3): 2, (2, 3): 4, (2, 4): 4, (3, 4): 1, (3, 5): 2}","(1, 6, 8, 3)",3,2
162,108,"(x1*x2, x1*x3, x1*x4, x2*x3*x4, x2*x3*x5, x2*x4*x5)","{(0, 0): 1, (1, 2): 3, (1, 3): 3, (2, 3): 3, (2, 4): 5, (3, 4): 1, (3, 5): 2}","(1, 6, 8, 3)",3,2
163,101,"(x1*x2, x1*x3, x1*x4, x2*x5, x3*x5, x4*x5)","{(0, 0): 1, (1, 2): 6, (2, 3): 9, (3, 4): 5, (4, 5): 1}","(1, 6, 9, 5, 1)",4,1
164,108,"(x1*x2, x1*x3, x1*x4, x2*x3*x5, x2*x4*x5, x3*x4*x5)","{(0, 0): 1, (1, 2): 3, (1, 3): 3, (2, 3): 3, (2, 4): 5, (3, 4): 1, (3, 5): 2}","(1, 6, 8, 3)",3,2
165,105,"(x1*x2, x1*x3, x2*x4, x3*x4, x2*x3*x5, x1*x4*x5)","{(0, 0): 1, (1, 2): 4, (1, 3): 2, (2, 3): 4, (2, 4): 4, (3, 4): 1, (3, 5): 2}","(1, 6, 8, 3)",3,2
166,106,"(x1*x2, x1*x3, x2*x4, x2*x3*x5, x1*x4*x5, x3*x4*x5)","{(0, 0): 1, (1, 2): 3, (1, 3): 3, (2, 3): 2, (2, 4): 6, (3, 5): 3}","(1, 6, 8, 3)",3,2
167,109,"(x1*x2, x1*x3, x2*x3*x4, x2*x3*x5, x1*x4*x5, x2*x4*x5)","{(0, 0): 1, (1, 2): 2, (1, 3): 4, (2, 3): 1, (2, 4): 7, (3, 5): 3}","(1, 6, 8, 3)",3,2
168,109,"(x1*x2, x1*x3, x2*x3*x4, x2*x3*x5, x2*x4*x5, x3*x4*x5)","{(0, 0): 1, (1, 2): 2, (1, 3): 4, (2, 3): 1, (2, 4): 7, (3, 5): 3}","(1, 6, 8, 3)",3,2
169,109,"(x1*x2, x1*x3, x2*x3*x4, x1*x4*x5, x2*x4*x5, x3*x4*x5)","{(0, 0): 1, (1, 2): 2, (1, 3): 4, (2, 3): 1, (2, 4): 7, (3, 5): 3}","(1, 6, 8, 3)",3,2
170,110,"(x1*x2, x3*x4, x1*x3*x5, x2*x3*x5, x1*x4*x5, x2*x4*x5)","{(0, 0): 1, (1, 2): 2, (1, 3): 4, (2, 4): 9, (3, 5): 4}","(1, 6, 9, 4)",3,2
171,111,"(x1*x2, x1*x3*x4, x2*x3*x4, x1*x3*x5, x2*x3*x5, x1*x4*x5)","{(0, 0): 1, (1, 2): 1, (1, 3): 5, (2, 4): 8, (3, 5): 3}","(1, 6, 8, 3)",3,2
172,111,"(x1*x2, x1*x3*x4, x2*x3*x4, x1*x3*x5, x2*x3*x5, x3*x4*x5)","{(0, 0): 1, (1, 2): 1, (1, 3): 5, (2, 4): 8, (3, 5): 3}","(1, 6, 8, 3)",3,2
173,111,"(x1*x2, x1*x3*x4, x2*x3*x4, x1*x3*x5, x1*x4*x5, x3*x4*x5)","{(0, 0): 1, (1, 2): 1, (1, 3): 5, (2, 4): 8, (3, 5): 3}","(1, 6, 8, 3)",3,2
174,111,"(x1*x2, x1*x3*x4, x2*x3*x4, x1*x3*x5, x2*x4*x5, x3*x4*x5)","{(0, 0): 1, (1, 2): 1, (1, 3): 5, (2, 4): 8, (3, 5): 3}","(1, 6, 8, 3)",3,2
175,112,"(x1*x2*x3, x1*x2*x4, x1*x3*x4, x2*x3*x4, x1*x2*x5, x1*x3*x5)","{(0, 0): 1, (1, 3): 6, (2, 4): 7, (3, 5): 2}","(1, 6, 7, 2)",3,2
176,112,"(x1*x2*x3, x1*x2*x4, x1*x3*x4, x2*x3*x4, x1*x2*x5, x3*x4*x5)","{(0, 0): 1, (1, 3): 6, (2, 4): 7, (3, 5): 2}","(1, 6, 7, 2)",3,2
177,113,"(x1*x2*x3, x1*x2*x4, x1*x3*x4, x1*x2*x5, x1*x3*x5, x1*x4*x5)","{(0, 0): 1, (1, 3): 6, (2, 4): 8, (3, 5): 3}","(1, 6, 8, 3)",3,2
178,112,"(x1*x2*x3, x1*x2*x4, x1*x3*x4, x1*x2*x5, x1*x3*x5, x2*x4*x5)","{(0, 0): 1, (1, 3): 6, (2, 4): 7, (3, 5): 2}","(1, 6, 7, 2)",3,2
179,114,"(x1*x2*x3, x1*x2*x4, x1*x3*x4, x1*x2*x5, x1*x3*x5, x2*x3*x4*x5)","{(0, 0): 1, (1, 3): 5, (1, 4): 1, (2, 4): 6, (2, 5): 1, (3, 5): 2}","(1, 6, 7, 2)",3,3
180,112,"(x1*x2*x3, x1*x2*x4, x1*x3*x4, x1*x2*x5, x2*x3*x5, x3*x4*x5)","{(0, 0): 1, (1, 3): 6, (2, 4): 7, (3, 5): 2}","(1, 6, 7, 2)",3,2
181,112,"(x1*x2*x3, x1*x2*x4, x1*x3*x4, x2*x3*x5, x2*x4*x5, x3*x4*x5)","{(0, 0): 1, (1, 3): 6, (2, 4): 7, (3, 5): 2}","(1, 6, 7, 2)",3,2
182,115,"(x1, x2*x3, x2*x4, x3*x4, x2*x5, x3*x5, x4*x5)","{(0, 0): 1, (1, 1): 1, (1, 2): 6, (2, 3): 14, (3, 4): 11, (4, 5): 3}","(1, 7, 14, 11, 3)",4,1
183,116,"(x1*x2, x1*x3, x2*x3, x1*x4, x2*x4, x3*x4, x1*x5)","{(0, 0): 1, (1, 2): 7, (2, 3): 11, (3, 4): 6, (4, 5): 1}","(1, 7, 11, 6, 1)",4,1
184,117,"(x1*x2, x1*x3, x2*x3, x1*x4, x2*x4, x1*x5, x2*x5)","{(0, 0): 1, (1, 2): 7, (2, 3): 12, (3, 4): 8, (4, 5): 2}","(1, 7, 12, 8, 2)",4,1
185,116,"(x1*x2, x1*x3, x2*x3, x1*x4, x2*x4, x1*x5, x3*x5)","{(0, 0): 1, (1, 2): 7, (2, 3): 11, (3, 4): 6, (4, 5): 1}","(1, 7, 11, 6, 1)",4,1
186,118,"(x1*x2, x1*x3, x2*x3, x1*x4, x2*x4, x1*x5, x3*x4*x5)","{(0, 0): 1, (1, 2): 6, (1, 3): 1, (2, 3): 9, (2, 4): 2, (3, 4): 5, (3, 5): 1, (4, 5): 1}","(1, 7, 11, 6, 1)",4,2
187,116,"(x1*x2, x1*x3, x2*x3, x1*x4, x2*x4, x3*x5, x4*x5)","{(0, 0): 1, (1, 2): 7, (2, 3): 11, (3, 4): 6, (4, 5): 1}","(1, 7, 11, 6, 1)",4,1
188,119,"(x1*x2, x1*x3, x2*x3, x1*x4, x1*x5, x2*x4*x5, x3*x4*x5)","{(0, 0): 1, (1, 2): 5, (1, 3): 2, (2, 3): 7, (2, 4): 4, (3, 4): 4, (3, 5): 2, (4, 5): 1}","(1, 7, 11, 6, 1)",4,2
189,120,"(x1*x2, x1*x3, x1*x4, x2*x3*x4, x1*x5, x2*x3*x5, x2*x4*x5)","{(0, 0): 1, (1, 2): 4, (1, 3): 3, (2, 3): 6, (2, 4): 5, (3, 4): 4, (3, 5): 2, (4, 5): 1}","(1, 7, 11, 6, 1)",4,2
190,118,"(x1*x2, x1*x3, x1*x4, x2*x3*x4, x2*x5, x3*x5, x4*x5)","{(0, 0): 1, (1, 2): 6, (1, 3): 1, (2, 3): 9, (2, 4): 2, (3, 4): 5, (3, 5): 1, (4, 5): 1}","(1, 7, 11, 6, 1)",4,2
191,121,"(x1*x2, x1*x3, x1*x4, x2*x3*x4, x2*x3*x5, x2*x4*x5, x3*x4*x5)","{(0, 0): 1, (1, 2): 3, (1, 3): 4, (2, 3): 3, (2, 4): 7, (3, 4): 1, (3, 5): 3}","(1, 7, 10, 4)",3,2
192,122,"(x1*x2, x1*x3, x2*x3*x4, x2*x3*x5, x1*x4*x5, x2*x4*x5, x3*x4*x5)","{(0, 0): 1, (1, 2): 2, (1, 3): 5, (2, 3): 1, (2, 4): 9, (3, 5): 4}","(1, 7, 10, 4)",3,2
193,123,"(x1*x2, x1*x3*x4, x2*x3*x4, x1*x3*x5, x2*x3*x5, x1*x4*x5, x2*x4*x5)","{(0, 0): 1, (1, 2): 1, (1, 3): 6, (2, 4): 10, (3, 5): 4}","(1, 7, 10, 4)",3,2
194,123,"(x1*x2, x1*x3*x4, x2*x3*x4, x1*x3*x5, x2*x3*x5, x1*x4*x5, x3*x4*x5)","{(0, 0): 1, (1, 2): 1, (1, 3): 6, (2, 4): 10, (3, 5): 4}","(1, 7, 10, 4)",3,2
195,124,"(x1*x2*x3, x1*x2*x4, x1*x3*x4, x2*x3*x4, x1*x2*x5, x1*x3*x5, x2*x3*x5)","{(0, 0): 1, (1, 3): 7, (2, 4): 9, (3, 5): 3}","(1, 7, 9, 3)",3,2
196,124,"(x1*x2*x3, x1*x2*x4, x1*x3*x4, x2*x3*x4, x1*x2*x5, x1*x3*x5, x1*x4*x5)","{(0, 0): 1, (1, 3): 7, (2, 4): 9, (3, 5): 3}","(1, 7, 9, 3)",3,2
197,124,"(x1*x2*x3, x1*x2*x4, x1*x3*x4, x2*x3*x4, x1*x2*x5, x1*x3*x5, x2*x4*x5)","{(0, 0): 1, (1, 3): 7, (2, 4): 9, (3, 5): 3}","(1, 7, 9, 3)",3,2
198,125,"(x1*x2*x3, x1*x2*x4, x1*x3*x4, x1*x2*x5, x1*x3*x5, x1*x4*x5, x2*x3*x4*x5)","{(0, 0): 1, (1, 3): 6, (1, 4): 1, (2, 4): 8, (2, 5): 1, (3, 5): 3}","(1, 7, 9, 3)",3,3
199,124,"(x1*x2*x3, x1*x2*x4, x1*x3*x4, x1*x2*x5, x1*x3*x5, x2*x4*x5, x3*x4*x5)","{(0, 0): 1, (1, 3): 7, (2, 4): 9, (3, 5): 3}","(1, 7, 9, 3)",3,2
200,126,"(x1*x2, x1*x3, x2*x3, x1*x4, x2*x4, x3*x4, x1*x5, x2*x5)","{(0, 0): 1, (1, 2): 8, (2, 3): 14, (3, 4): 9, (4, 5): 2}","(1, 8, 14, 9, 2)",4,1
201,127,"(x1*x2, x1*x3, x2*x3, x1*x4, x2*x4, x1*x5, x2*x5, x3*x4*x5)","{(0, 0): 1, (1, 2): 7, (1, 3): 1, (2, 3): 12, (2, 4): 2, (3, 4): 8, (3, 5): 1, (4, 5): 2}","(1, 8, 14, 9, 2)",4,2
202,126,"(x1*x2, x1*x3, x2*x3, x1*x4, x2*x4, x1*x5, x3*x5, x4*x5)","{(0, 0): 1, (1, 2): 8, (2, 3): 14, (3, 4): 9, (4, 5): 2}","(1, 8, 14, 9, 2)",4,1
203,128,"(x1*x2, x1*x3, x1*x4, x2*x3*x4, x1*x5, x2*x3*x5, x2*x4*x5, x3*x4*x5)","{(0, 0): 1, (1, 2): 4, (1, 3): 4, (2, 3): 6, (2, 4): 7, (3, 4): 4, (3, 5): 3, (4, 5): 1}","(1, 8, 13, 7, 1)",4,2
204,129,"(x1*x2, x1*x3*x4, x2*x3*x4, x1*x3*x5, x2*x3*x5, x1*x4*x5, x2*x4*x5, x3*x4*x5)","{(0, 0): 1, (1, 2): 1, (1, 3): 7, (2, 4): 12, (3, 5): 5}","(1, 8, 12, 5)",3,2
205,130,"(x1*x2*x3, x1*x2*x4, x1*x3*x4, x2*x3*x4, x1*x2*x5, x1*x3*x5, x2*x3*x5, x1*x4*x5)","{(0, 0): 1, (1, 3): 8, (2, 4): 11, (3, 5): 4}","(1, 8, 11, 4)",3,2
206,130,"(x1*x2*x3, x1*x2*x4, x1*x3*x4, x2*x3*x4, x1*x2*x5, x1*x3*x5, x2*x4*x5, x3*x4*x5)","{(0, 0): 1, (1, 3): 8, (2, 4): 11, (3, 5): 4}","(1, 8, 11, 4)",3,2
207,131,"(x1*x2, x1*x3, x2*x3, x1*x4, x2*x4, x3*x4, x1*x5, x2*x5, x3*x5)","{(0, 0): 1, (1, 2): 9, (2, 3): 17, (3, 4): 12, (4, 5): 3}","(1, 9, 17, 12, 3)",4,1
208,132,"(x1*x2*x3, x1*x2*x4, x1*x3*x4, x2*x3*x4, x1*x2*x5, x1*x3*x5, x2*x3*x5, x1*x4*x5, x2*x4*x5)","{(0, 0): 1, (1, 3): 9, (2, 4): 13, (3, 5): 5}","(1, 9, 13, 5)",3,2
209,133,"(x1*x2, x1*x3, x2*x3, x1*x4, x2*x4, x3*x4, x1*x5, x2*x5, x3*x5, x4*x5)","{(0, 0): 1, (1, 2): 10, (2, 3): 20, (3, 4): 15, (4, 5): 4}","(1, 10, 20, 15, 4)",4,1
210,134,"(x1*x2*x3, x1*x2*x4, x1*x3*x4, x2*x3*x4, x1*x2*x5, x1*x3*x5, x2*x3*x5, x1*x4*x5, x2*x4*x5, x3*x4*x5)","{(0, 0): 1, (1, 3): 10, (2, 4): 15, (3, 5): 6}","(1, 10, 15, 6)",3,2
